{
    "freq": 100.0,
    "dt": 0.01,
    "mass": 0.033,
    "arm_length": 0.046,
    "body_yaw0": -2.356194490192345,
    "u_max": [
        2617.993877991494,
        2617.993877991494,
        2617.993877991494,
        2617.993877991494
    ],
    "g": 9.81,
    "Kf": 2.25e-08,
    "Kt": 1.34e-10
}